<?xml version="1.0" encoding="UTF-8"?>
<model xmlns="http://www.alfresco.org/model/dictionary/1.0" name="Lisbon:custommodel">
    <description>the description</description>
    <author>the creator</author>
    <imports>
        <import uri="http://www.alfresco.org/model/content/1.0" prefix="cm"/>
        <import uri="http://www.alfresco.org/model/dictionary/1.0" prefix="d"/>
    </imports>
    <namespaces>
        <namespace uri="http://www.AcmeInc.com/model/policy/1.0." prefix="Lisbon"/>
    </namespaces>
    <data-types/>
    <constraints/>
    <types>
        <type name="Lisbon:CustomType">
            <title>LisbonType</title>
            <description>Lisbon Type Description</description>
            <parent>cm:content</parent>
            <associations/>
            <overrides/>
            <mandatory-aspects>
                <aspect>Lisbon:ConfidentialAspect</aspect>
            </mandatory-aspects>
        </type>
    </types>
    <aspects>
        <aspect name="Lisbon:DossierAspect">
            <title>DossierAspect</title>
            <properties>
                <property name="Lisbon:EffectiveDate">
                    <title>Effective Date</title>
                    <description>the start effective date</description>
                    <type>d:date</type>
                    <mandatory>false</mandatory>
                    <index enabled="true">
                        <tokenised>TRUE</tokenised>
                    </index>
                </property>
                <property name="Lisbon:DocumentDescription">
                    <title>Document Description</title>
                    <description>The doc description</description>
                    <type>d:text</type>
                    <mandatory>false</mandatory>
                    <index enabled="true">
                        <tokenised>TRUE</tokenised>
                        <facetable>false</facetable>
                    </index>
                </property>            
                <property name="Lisbon:PolicyNumber">
                    <title>Policy Number</title>
                    <description>the policy number</description>
                    <type>d:text</type>
                    <mandatory>true</mandatory>
                    <index enabled="true">
                        <tokenised>false</tokenised>
                    </index>
                </property>
            </properties>
            <associations/>
            <overrides/>
            <mandatory-aspects/>
        </aspect>
        
        <aspect name="Lisbon:ConfidentialAspect">
            <title>ConfidentialAspect</title>
            <properties>                
                <property name="Lisbon:ConfidentialDescription">
                    <title>Document Confidential Description</title>
                    <description>The doc description</description>
                    <type>d:text</type>
                    <mandatory>false</mandatory>
                    <index enabled="true">
                        <tokenised>TRUE</tokenised>
                        <facetable>false</facetable>
                    </index>
                </property>
            </properties>
            <associations/>
            <overrides/>
            <mandatory-aspects/>
        </aspect>
    </aspects>
</model>
