<?xml version="1.0" encoding="UTF-8"?>
<model xmlns="http://www.alfresco.org/model/dictionary/1.0" name="UIP:UIPolicy">
    <description>the description</description>
    <author>the creator</author>
    <imports>
        <import uri="http://www.alfresco.org/model/content/1.0" prefix="cm"/>
        <import uri="http://www.alfresco.org/model/dictionary/1.0" prefix="d"/>
    </imports>
    <namespaces>
        <namespace uri="http://www.AcmeInc.com/model/policy/1.0." prefix="UIP"/>
    </namespaces>
    <data-types/>
    <constraints/>
    <types>
        <type name="UIP:Policy">
            <title>UI Policy</title>
            <description>The UI Policy Type Description</description>
            <parent>cm:content</parent>
            <associations/>
            <overrides/>
            <mandatory-aspects>
                <aspect>UIP:PolicyAspect</aspect>
            </mandatory-aspects>
        </type>
    </types>
    <aspects>
        <aspect name="UIP:PolicyAspect">
            <title>PolicyAspect</title>
            <properties>
                <property name="UIP:EffectiveDate">
                    <title>Effective Date</title>
                    <description>the start effective date</description>
                    <type>d:date</type>
                    <mandatory>false</mandatory>
                    <index enabled="true">
                        <tokenised>TRUE</tokenised>
                    </index>
                </property>
                <property name="UIP:DocumentDescription">
                    <title>Document Description</title>
                    <description>The doc description</description>
                    <type>d:text</type>
                    <mandatory>false</mandatory>
                    <index enabled="true">
                        <tokenised>TRUE</tokenised>
                        <facetable>false</facetable>
                    </index>
                </property>
                <property name="UIP:DocumentSource">
                    <title>Document Source</title>
                    <description>the document source</description>
                    <type>d:text</type>
                    <mandatory>true</mandatory>
                    <index enabled="true">
                        <tokenised>TRUE</tokenised>
                        <facetable>false</facetable>
                    </index>
                    <constraints>
                        <constraint name="UIP:LIST_93cbb05c-f193-4c1c-89b2-c25fb256f647" type="LIST">
                            <parameter name="allowedValues">
                                <list>
                                    <value>scanned</value>
                                    <value>faxed</value>
                                    <value>email</value>
                                    <value>external</value>
                                </list>
                            </parameter>
                            <parameter name="caseSensitive">
                                <value>true</value>
                            </parameter>
                            <parameter name="sorted">
                                <value>true</value>
                            </parameter>
                        </constraint>
                    </constraints>
                </property>
                <property name="UIP:PolicyNumber">
                    <title>Policy Number</title>
                    <description>the policy number</description>
                    <type>d:text</type>
                    <mandatory>true</mandatory>
                    <index enabled="true">
                        <tokenised>false</tokenised>
                    </index>
                </property>
            </properties>
            <associations/>
            <overrides/>
            <mandatory-aspects/>
        </aspect>
    </aspects>
</model>